{
  "aupc": {
    "loo": {
      "mean": 4.943119569374673,
      "stderr": 2.8738584051915907
    },
    "clime": {
      "mean": 7.753096393537353,
      "stderr": 5.171030309806248
    },
    "lshap": {
      "mean": 8.01777619645421,
      "stderr": 5.200301174658769
    },
    "hybrid": {
      "mean": 8.002387938878453,
      "stderr": 5.187357729829139
    },
    "hybrid_dyn": {
      "mean": 4.943119569374673,
      "stderr": 2.8738584051915907
    },
    "selfexplain": {
      "mean": 2.1768951535169543,
      "stderr": 1.1305658923541546
    }
  },
  "spearman": {
    "methods": [
      "loo",
      "clime",
      "lshap",
      "hybrid",
      "hybrid_dyn"
    ],
    "matrix": [
      [
        1.0,
        0.9406876561825603,
        0.9335386108815342,
        0.8422263327376873,
        1.0
      ],
      [
        0.9406876561825603,
        1.0,
        0.9500787204415806,
        0.8447397721638004,
        0.9406876561825603
      ],
      [
        0.9335386108815342,
        0.9500787204415806,
        1.0,
        0.8396999379058612,
        0.9335386108815342
      ],
      [
        0.8422263327376873,
        0.8447397721638004,
        0.8396999379058612,
        1.0,
        0.8422263327376873
      ],
      [
        1.0,
        0.9406876561825603,
        0.9335386108815342,
        0.8422263327376873,
        1.0
      ]
    ]
  },
  "n_samples": 5,
  "model_calls": {
    "loo": {
      "mean": 15.6,
      "total": 78
    },
    "clime": {
      "mean": 43.8,
      "total": 219
    },
    "lshap": {
      "mean": 182.6,
      "total": 913
    },
    "hybrid": {
      "mean": 92.4,
      "total": 462
    },
    "hybrid_dyn": {
      "mean": 17.8,
      "total": 89
    }
  }
}