{
  "aupc": {
    "clime": {
      "mean": 7.75203749010389,
      "stderr": 5.169698793086248
    },
    "lshap": {
      "mean": 8.016667109834803,
      "stderr": 5.199143199465507
    },
    "loo": {
      "mean": 4.942827331872924,
      "stderr": 2.873386884414719
    },
    "selfexplain": {
      "mean": 2.1768951535169543,
      "stderr": 1.1305658923541546
    }
  },
  "spearman": {
    "methods": [
      "clime",
      "lshap",
      "loo"
    ],
    "matrix": [
      [
        1.0,
        0.8208548539583023,
        0.8347076678111162
      ],
      [
        0.8208548539583023,
        1.0,
        0.9353545305269442
      ],
      [
        0.8347076678111162,
        0.9353545305269442,
        1.0
      ]
    ]
  },
  "n_samples": 5,
  "selfexplain_parse_success": "2/5"
}