{
  "aupc": {
    "loo": {
      "mean": 4.943119569374673,
      "stderr": 2.8738584051915907
    },
    "clime": {
      "mean": 7.290327254781372,
      "stderr": 4.777768208530362
    },
    "lshap": {
      "mean": 8.01777619645421,
      "stderr": 5.200301174658769
    },
    "hybrid": {
      "mean": 8.002387938878453,
      "stderr": 5.187357729829139
    },
    "selfexplain": {
      "mean": 2.1768951535169543,
      "stderr": 1.1305658923541546
    }
  },
  "spearman": {
    "methods": [
      "loo",
      "clime",
      "lshap",
      "hybrid"
    ],
    "matrix": [
      [
        1.0,
        0.8652216685914172,
        0.9335386108815342,
        0.8422263327376873
      ],
      [
        0.8652216685914172,
        1.0,
        0.8415107386624724,
        0.9246454677783916
      ],
      [
        0.9335386108815342,
        0.8415107386624724,
        1.0,
        0.8396999379058612
      ],
      [
        0.8422263327376873,
        0.9246454677783916,
        0.8396999379058612,
        1.0
      ]
    ]
  },
  "n_samples": 5,
  "model_calls": {
    "loo": {
      "mean": 15.6,
      "total": 78
    },
    "clime": {
      "mean": 43.8,
      "total": 219
    },
    "lshap": {
      "mean": 182.6,
      "total": 913
    },
    "hybrid": {
      "mean": 92.4,
      "total": 462
    }
  }
}